user_id,query,domain,description,engine,position,emails,phones,dateOfSearch
1,фрезерная гравировка шильды минск,https://avip.by,"В числе наших услуг также лазерная и фрезерная гравировка по черному металлу, нержавейке, меди, алюминию, латуни. Мы гравируем таблички, шильды, номерки на ...",google,999,"['avip.by@gmail.com', 'info@avip.by', 'support@megagroup.ru']","['+375293580347', '+375297718537']",04-09-2025 07:53:35
1,фрезерная гравировка шильды минск,https://lazers.by,"Шильды - это небольшие металлические изделия (бирки, таблички, технические паспорта), которые используются для нанесения на изделия фирменных знаков, ...",google,999,['lazers100@tut.by'],"['+375333570065', '+375333778182', '+375336004647']",04-09-2025 07:53:35
1,фрезерная гравировка шильды минск,https://graver.by,"Гравировка в Минске на подарках, сувенирах и любых материалах. Лазерная гравировка на заказ. Принимаем розничные и оптовые заказы.",google,999,['info@graver.by'],"['+375333025655', '+375445015655', '+375445045655']",04-09-2025 07:53:35
1,фрезерная гравировка шильды минск,https://www.laser-cut.by,Lasercut занимается продажами напольных и широкоформатных фрезерных станков. КАКИЕ ИЗДЕЛИЯ ИЗГОТАВЛИВАЮТ НА ФРЕЗЕРЕ? детали для промышленности и станков; мебель ...,google,999,['info@laser-cut.by'],['+375173363421'],04-09-2025 07:53:35
1,фрезерная гравировка шильды минск,https://broservice.by,"Лазерная гравировка в Минске по доступным ценам ✓ Новое оборудование ✓ Гравировка любой сложности ✓ На кольцах, металле, дереве, подарках.",google,999,['lazer@broservice.by'],[],04-09-2025 07:53:35
1,фрезерная гравировка шильды минск,https://original-shop.by,"Автомобильные товары – кнопки переключателей, доски приборов;; Товары для промышленности – панели управления, таблички, шильдики на оборудование. Как наноситься ...",google,999,['original-shop@list.ru'],"['+375257663366', '+375447663366']",04-09-2025 07:53:35
1,фрезерная гравировка шильды минск,https://laser-tech.by,"С развитием технологий, включая лазерную гравировку, УФ-печать, широкоформатную и фрезерную резку, появилась возможность заказать награды, изготавливаемые ...",google,999,['info@laser-tech.by'],"['+375172523011', '+375173079002', '+375291379002', '+375297979030']",04-09-2025 07:53:35
1,фрезерная гравировка шильды минск,https://vikowest.by,"Механическая гравировка. Данный способ предполагает использование специальной ... Механический способ применим для плоских конструкций, таких как таблички, шильды ...",google,999,"['minsk@vikowest.by', 'zakaz@vikowest.by']","['+375298341212', '+375339135050']",04-09-2025 07:53:35
1,фрезерная гравировка шильды минск,https://metallofoto.by,"Шильды — это информационные таблички, несущие на себе надписи и обозначения. ... Минск, ул. Брестская 42. УНП 600041638 тел.: +375-17-357-09-13 факс: +375 ...",google,999,['market@metallofoto.by'],"['+375173570913', '+375173754138']",04-09-2025 07:53:35
1,фрезерная гравировка шильды минск,https://xn--90aoeb7b.xn--90ais,В настоящее время механическая гравировка – это наиболее оптимальный способ нанесения картинки или надписи на любой поверхности. ... Шоу Рум. Шоу Рум г.Минск ...,google,999,['ancor@ancor.world'],"['+375172878013', '+375172878014', '+375291878013']",04-09-2025 07:53:35
1,фрезерная гравировка шильды минск,https://www.lazer.by,Шильды и металлические таблички можно крепить на оборудование при помощи ... Дополнительно возможна фрезерная резка отверстий и закругление углов.,google,999,['445532446@agis.by'],"['+375232305660', '+375447077776']",04-09-2025 07:53:35
1,фрезерная гравировка шильды минск,https://color-print.by,Шильды и шильдики на кубки и медали · Медали · Фирменная атрибутика и pos ... Планшетная плоттерная и фрезерная резка листовых и рулоных материалов на JWEI TB08II ...,google,999,['info@color-print.by'],"['+375154606044', '+375154606055', '+375292900606', '+375293300606', '+375293302424']",04-09-2025 07:53:35
1,фрезерная гравировка шильды минск,https://rog.by,"... ШИЛЬДЫ БИРКИ И ТАБЛИЧКИ · ЛАЗЕРНАЯ ГРАВИРОВКА НА КАМНЕ КЕРАМИКЕ ГЛИНЕ И ГИПСЕ ... Лазерная резка и гравировка в Минске и Гомеле. Высокая мощность, точность и ...",google,999,['info@rog.by'],"['+375291348752', '+375296202612']",04-09-2025 07:53:35
1,фрезерная гравировка шильды минск,https://engrave.by,"(Минск,Беларусь) ... Гравировка на различных изделиях. Зачем нужна гравировка на заказ и кому это интересно? Мы уверены, что каждому, кто хочет сделать ...",google,999,['info@engrave.by'],[],04-09-2025 07:53:35
1,фрезерная гравировка шильды минск,https://vmeste-gifts.by,"Изготовление и продажа сувениров корпоративных подарков в Минске. Наносим логотипы, принты на корпоративные подарки. Гравировка, тиснение, вырубка, все виды ...",google,999,['ok@vmeste-print.by'],"['+375162484593', '+375173008068', '+375293068068']",04-09-2025 07:53:35
1,фрезерная гравировка шильды минск,https://sic.by,"... Фрезерная с ЧПУ | 151 · Частные фрезерные работы | 4. Захаревский Юрий, ремесленник. Минск ... Фрезерная обработка и гравировка производится на импортном ...",google,999,['mail@sic.by'],"['+375291160016', '+375295786954']",04-09-2025 07:53:35
1,фрезерная гравировка шильды минск,https://shilda.by,"... Перейти к содержимому. Шильда Бай. Адрес: г. Минск, ул. Калиновского, д ... Механическая обработка. Скругление углов. Ft Stroy Primery Tsvetov Материал.",google,999,['shildaminsk@gmail.com'],"['+375173594805', '+375293720106']",04-09-2025 07:53:35
1,фрезерная гравировка шильды минск,https://marketpro.by,"Шильды с названием, логотипом и другой информацией заказывайте в МаркетингПро. Изготовление по индивидуальному макету в Минске.",google,999,['marketpro.by@gmail.com'],"['+375295915915', '+375445815915']",04-09-2025 07:53:35
1,фрезерная гравировка шильды минск,https://www.autobis.org,"На изделиях нашего производства могут быть нанесены ваши надписи, логотипы, эмблемы. ... Минск, ул. Западная, 11а, оф. 2. с 8:00 до 17:00, сб, вс - выходной.",google,999,['info@autobis.org'],"['+375172530326', '+375291955465', '+375296387923', '+375447882599', '+375447884013']",04-09-2025 07:53:35
1,фрезерная гравировка шильды минск,https://megapromo.by,Посуда с логотипом в студии рекламы МегаПромо. ✔️Под заказ ✔️Оптом ✔️Доставка. ☎️+375 29 504-64-04.,google,999,"['info@megapromo.by', 'info@megapromo.razam.bz']","['+375173961907', '+375291539353', '+375295046404', '+375297020315']",04-09-2025 07:53:35
1,фрезерная гравировка шильды минск,https://voltra.by,"Фрезеры · Шлифмашины · Штроборезы (бороздоделы). Пневмоинструмент. Электро и ... Промышленная гравировка. Такой способ создают глубину рельефа от 1,2 до 12,5 ...",google,999,['info@voltra.by'],"['+375255251221', '+375291691221', '+375291931221', '+375295751221', '+375445931221']",04-09-2025 07:53:35
1,фрезерная гравировка шильды минск,https://ventuscar.by,"Источники подсветки расположены по всему периметру надписи, для достижения равномерного свечения. Получить визуализацию. Световые короба. Изготавливается из ...",google,999,"['entuscar.reklama@gmail.com', 'info@ventuscar.by', 'lagodich@ventuscar.by', 'malinouskaya@ventuscar.by', 'nadezhda@ventuscar.by', 'nfo@ventuscar.by', 'shevelev@ventuscar.by', 'ventuscar.reklama@gmail.com']","['+375172600445', '+375172600446', '+375174822282', '+375293998865', '+375296209113', '+375296381163', '+375296965495', '+375336623843', '+375447265951', '+37580041026']",04-09-2025 07:53:35
1,фрезерная гравировка шильды минск,https://graver-rezka.by,"Точилки ; Точилка механическая STAEDTLER 501-180. В наличии. 109,28 ; Точилка для карандашей STAEDTLER 511 66COBK. В наличии. 8,21 ; Точилки STAEDTLER 512-001. В ...",google,999,"['reklama-blr@yandex.by', 'reklama12345@rambler.ru']","['+375175256486', '+375291261616']",04-09-2025 07:53:35
1,фрезерная гравировка шильды минск,https://grantex.by,Лазерная резка и гравировка · Фрезерная резка · УФ печать · О компании · Новости · Портфолио · Контакты · Полезное · Для рекламных агентств · +375 (29) 390-06- ...,google,999,['info@grantex.by'],"['+375293900606', '+375333900606']",04-09-2025 07:53:35
1,фрезерная гравировка шильды минск,https://ligatura.by,"Но привычные предметы могут выполнять также функцию рекламного материала, если содержат логотипы организаций, эмблемы, слоганы. ... Гравировка. Способ ...",google,999,['info@ligatura.by'],"['+375172708375', '+375293512017']",04-09-2025 07:53:35
1,фрезерная гравировка шильды минск,https://podstavki.by,Изготовление табличек из металла происходит с применением следующих технологий: Аппликация самоклеющейся пленкой Механическая гравировка. Изображение на ...,google,999,"['7490974@gmail.com', 'podstavki@tut.by']","['+375173748484', '+375297490974', '+375447490974']",04-09-2025 07:53:35
1,фрезерная гравировка шильды минск,https://nppcontact.by,Нанесение символов - лазерной либо фрезерной гравировкой с заливкой цветными эмалями. Коммутирующие мембраны установлены полностью герметично. Фронтальная.,google,999,['mail@nppcontact.by'],"['+375173032308', '+375173521392', '+375173992261']",04-09-2025 07:53:35
1,фрезерная гравировка шильды минск,https://www.belarp.by,"Минск, ул. Комсомольская, 11/7, оф.30. Частное унитарное предприятие ... фрезерная, фрезерная ЧПУ, координатно-расточная,токарное ЧПУ, координатно ...",google,999,['belarp@belarp.by'],"['+375172983554', '+375172983726', '+375173692590', '+375173989431']",04-09-2025 07:53:35
1,фрезерная гравировка шильды минск,https://www.kufar.by,"Минск, Октябрьский. Сегодня, 10:28. Доставка по Беларуси. 280 р. Знаки, таблички, вывески, шильды, буквы и надписи из металла на заказ от литейной мастерской.",google,999,"['help@kufar.by', 'marketing@kufar.by']",['+375445134824'],04-09-2025 07:53:35
1,фрезерная гравировка шильды минск,https://stampi.by,"ГРМ - Печати, Штампы, Таблички, Лазерная гравировка. тел: (17) 270-67-71 ... 220092, г.Минск, пр-т Пушкина, 28, пом. 15. Пн.-Чт.: 8.30-17.30; Пт.: 8.30 ...",google,999,"['3900772@mail.ru', '3900773@mail.ru']","['+375172706771', '+375172706772', '+375172706773', '+375291084696', '+375293366343', '+375293516343', '+375295516343']",04-09-2025 07:53:35
